<?xml version="1.0" encoding="UTF-8"?>
<includes>

    <include name="Search_Term_DoubleEncoder">

    </include>

    <include name="Search_View_User">
        <include>Search_Term_DoubleEncoder</include>
        <include>Recommendations_BackgroundLoader</include>

        <include>Background</include>

        <control type="group">
            <include>Search_Group</include>

            <include content="Recommendations_Group">
                <control type="group">
                    <control type="group">
                        <include>Recommendations_InfoPanel</include>
                    </control>

                    <control type="group">

                        <include content="Recommendations_Widgets_Grouplist">
                            <param name="onup">333</param>
                            <param name="widget_windowchange_animation">false</param>
                            <include>skinvariables-searchmenu-widgets</include>
                            <include>Widget_End_Bumper</include>
                        </include>
                    </control>

                    <include content="Animation_ConditionalFade">
                    </include>

                </control>

                <include>Search_Widgets_NoResults</include>
                <control type="group">
                    <include>Furniture_Top_Left</include>
                </control>

                <control type="group">
                    <include>Dimension_Bottombar</include>
                    <control type="group">
                        <include>Dimension_Furniture_Gutters</include>
                        <include content="View_Furniture_Bottom_ViewLine">
                            <param name="visible">true</param>

                        </include>
                    </control>
                </control>

            </include>

            <include>Search_Panel</include>

        

        </control>
        <control type="group">
            <visible>!$EXP[Exp_InfoDialogs]</visible>
            <include>Furniture_Bottom_Right</include>
        </control>

        <include>View_Dialog_Plot</include>
    </include>

    <include name="Search_View_Selector">
        <control type="group">
            <control type="group">
                <control type="group">
                    <include>Dimension_Bottombar</include>
                    <control type="group">
                        <left>-20</left>
                        <animation effect="fade" start="100" end="70" condition="true">Conditional</animation>
                        <include>Dimension_Furniture_Gutters</include>
                        <control type="group">
                            <include content="View_Furniture_Bottom_ViewLine">

                                <param name="fade_condition">false</param>
                                <param name="textcolor">dialog_fg_90</param>
                            </include>
                        </control>
                    </control>
                </control>
                <control type="image">
                    <bottom>160</bottom>
                    <height>1</height>
                    <left>60</left>
                    <right>60</right>
                    <texture colordiffuse="$VAR[Color_DialogBorder]">common/white.png</texture>
                </control>
            </control>
            <include content="List_DialogSelect">
                <param name="textcolor">dialog_fg</param>
                <param name="itemlayout_include">Layout_MenuList</param>
                <param name="hidden_button">List_ButtonMenu_Row_HiddenButton_ERow</param>
                <param name="hidden_button_enabled">True</param>
                <param name="control">list</param>
                <onback>SetProperty(TMDbHelper.WidgetContainer,$INFO[ListItem.Property(widget_id)])</onback>

                <onleft>SetProperty(TMDbHelper.WidgetContainer,$INFO[ListItem.Property(widget_id)])</onleft>

                <onright>SetProperty(TMDbHelper.WidgetContainer,$INFO[ListItem.Property(widget_id)])</onright>

                <onright condition="!Integer.IsEqual(Container(5000).NumItems,0)">SetFocus(5000)</onright>
                <onclick>SetProperty(TMDbHelper.WidgetContainer,$INFO[ListItem.Property(widget_id)])</onclick>

                <include content="Animation_ConditionalFade">
                </include>

                <onup>SetProperty(TMDbHelper.WidgetContainer,$INFO[ListItem.Property(widget_id)])</onup>

                <ondown>noop</ondown>
                <left>40</left>
                <right>40</right>
                <top>500</top>
                <bottom>160</bottom>
                <content>
                    <item>
                        <label>$LOCALIZE[593]</label>
                        <icon>special://skin/extras/icons/shapes.png</icon>
                        <property name="hide_artwork">True</property>
                    </item>
                    <include>skinvariables-searchmenu-selector</include>
                </content>
            </include>
        </control>
    </include>

    <include name="Search_View_Discover">
        <include>Search_Term_DoubleEncoder</include>

        <include content="Object_Hidden_Button">
            <param name="id">64</param>
            <onfocus>$VAR[Action_Var_Search_ToMediaFilter]</onfocus>
        </include>

        <include>Recommendations_BackgroundLoader</include>

        <include>Background</include>

        <control type="group">
            <include>Search_Group</include>


            <include content="Recommendations_Group">
                <control type="group">
                    <include>Recommendations_InfoPanel</include>
                    <include content="Recommendations_Widgets_Grouplist">
                        <param name="onup">333</param>
                        <param name="widget_windowchange_animation">false</param>

                        <animation effect="slide" start="0" end="0,440" condition="true">Conditional</animation>

                        <include content="_Widget_Row">
                            <param name="id">5001</param>
                            <param name="groupid">5101</param>
                            <param name="include">List_Poster_Row</param>
                            <param name="visible">True</param>
                            <param name="detailed">String.IsEqual(ListItem.Label,$LOCALIZE[31046])</param>

                            <param name="busy_visible">[Integer.IsEqual(Container(5001).NumItems,0)
                                | Container(5001).IsUpdating]</param>

                            <param name="widgetfade_include">true</param>
                            <param name="widget_showoverlay">false</param>

                            <include content="Action_View_Movement_OnLeft">
                                <param name="id">5001</param>
                                <param name="menuid">9090</param>
                                <param name="onwrap">[False]</param>
                            </include>
                            <include content="Action_View_Movement_OnRight">
                                <param name="id">5001</param>
                                <param name="menuid">9090</param>
                                <param name="onwrap">[False]</param>
                                <param name="onbump">[True]</param>
                            </include>
                            <include content="Action_View_Movement_OnBack">
                                <param name="id">5001</param>
                                <param name="backid">5000</param>
                                <param name="menuid">9090</param>
                                <param name="onback">
                                    [Integer.IsEqual(Container(5001).CurrentItem,1)]</param>
                            </include>

                            <onfocus>SetProperty(TMDbHelper.WidgetContainer,5001)</onfocus>
                            <onfocus>ClearProperty(Background.ShowOverlay,Home)</onfocus>

                            <!-- <content>
                                <item>
                                    <label>$LOCALIZE[31046]</label>
                                    <icon>fallback/no-results.png</icon>
                                    <visible>Integer.IsEqual(Container(5001).NumItems,0) | [Integer.IsEqual(Container(5001).NumItems,1)
                            +
                            String.IsEqual(Container(5001).ListItemAbsolute(0).Label,$LOCALIZE[31046])]</visible>
                                </item>
                            </content> -->

                            <content browse="$VAR[Defs_BrowseLimitedLists]" target="videos">
                                $INFO[window(home).property(tmdbhelper.userdiscover.folderpath)]$INFO[Container(99098).ListItem.Label,&amp;with_text_query=,]</content>

                        </include>

                        <include>Widget_End_Bumper</include>
                    </include>
                    <include content="Animation_ConditionalFade">
                        <param name="condition">[Integer.IsEqual(Container(5000).NumItems,0)]</param>
                    </include>
                </control>

                <include>Search_Widgets_NoResults</include>
                <control type="group">
                    <visible>Integer.IsEqual(Container(5000).NumItems,0)</visible>
                    <include>Furniture_Top_Left</include>
                </control>
                <control type="group">
                    <include>Dimension_Bottombar</include>
                    <control type="group">
                        <include>Dimension_Furniture_Gutters</include>
                        <include content="View_Furniture_Bottom_ViewLine">
                            <param name="visible">true</param>
                            <param name="label">$INFO[Container(5001).NumItems,, $LOCALIZE[31022]]</param>
                        </include>
                    </control>
                </control>
            </include>

            <include>Search_Panel</include>

        </control>

        <control type="group">
            <visible>!$EXP[Exp_InfoDialogs]</visible>
            <include>Furniture_Bottom_Right</include>
        </control>

        <include>View_Dialog_Plot</include>

    </include>


    <include name="Search_Window_Def">
        <defaultcontrol>8001</defaultcontrol>
        <menucontrol>8001</menucontrol>
        <include>Action_Blur_Onload</include>


        <onload>ClearProperty(CustomSearchTerm,Home)</onload>

    </include>

    <include name="Search_Panel_UpdateSearchRows_Onclick">
        <onclick>
            AlarmClock(SetUpdateSearchRows,SetProperty(UpdateSearchRows,True,Home),00:01,silent)</onclick>
        <onclick>AlarmClock(DelUpdateSearchRows,ClearProperty(UpdateSearchRows,Home),00:02,silent)</onclick>
    </include>

    <include name="Search_Panel_Keyboard">
        <control type="group">
            <align>center</align>

            <control type="button" id="8001">
                <width>400</width>
                <height>80</height>
                <label>Buscar Películas</label>
                <font>font_midi_bold</font>
                <textcolor>dialog_fg_100</textcolor>
                 <centerleft>50%</centerleft> 

                <!-- Navegación -->
                <onup>noop</onup>
                <ondown>8002</ondown>
                <onleft>noop</onleft>
                <onright>noop</onright>

                <onclick>Dialog.Close(all)</onclick>
                <onclick>ClearProperty(p3_play,Home)</onclick>
                 <onclick>
                    ActivateWindow(Videos,plugin://plugin.video.palantir3/?2bjJCIscyMyF2YzVnYnAiOi42bpR3YhJyeQfnMXJgMXasVGUyF2YzVnYnAiOiwWczJCIsADI6ISZnFGciACLwATMgojI0NXaM1WZ0lEdp1WasJCIscycllmdv12JgojI05WZ05,return)
                </onclick>

                <onfocus>SetProperty(Background.ShowOverlay,True,Home)</onfocus>
            </control>

            <control type="button" id="8002">
                <align>center</align>
                <top>120</top>
                <width>400</width>
                <height>80</height>
                <label>Buscar Series</label>
                <font>font_midi_bold</font>
                <textcolor>dialog_fg_100</textcolor>
<centerleft>50%</centerleft> 

                <!-- Navegación -->
                <onup>8001</onup>
                <!-- Esto conecta con el teclado de letras -->
                <onleft>noop</onleft>
                <onright>noop</onright>

                <onclick>Dialog.Close(all)</onclick>
                <onclick>ClearProperty(p3_play,Home)</onclick>
                <onclick>
                    ActivateWindow(Videos,plugin://plugin.video.palantir3/?2bjJCIscyMyF2YzVnYnAiOi42bpR3YhJye9dyclAycllmclNlchN2c1J2JgojIsF3ciACLwAiOiU2ZhBnIgwCMwEDI6ICdzlGTtVGdJRXatlGbiACLnM3dvh2c2R3JgojI05WZ05,return)
                </onclick>

                <onfocus>SetProperty(Background.ShowOverlay,True,Home)</onfocus>
            </control>

        </control>


        
        
    </include>

   
    <include name="Search_Group">
        <include content="Hub_Menu_Slide">
            <param name="condition">!ControlGroup(5000).HasFocus() + !Control.HasFocus(330) +
                !Control.HasFocus(332) + !Control.HasFocus(333)</param>
        </include>
        <include content="Hub_Left_Bezier_Object" condition="!Skin.String(Home.MenuStyle,Ribbon)">
            <param name="visible">!ControlGroup(5000).HasFocus() + !Control.HasFocus(330) +
                !Control.HasFocus(332) + !Control.HasFocus(333)</param>
        </include>
    </include>


    <include name="Search_Panel">
        <control type="group">
            <left>view_menu_main_pad_x</left>
            <include>Animation_Search_Fade</include>
            <control type="group">
                <left>view_menu_main_offset_x</left>
                <include content="Home_Menu_Vert_Background">
                    <param name="left">-view_menu_main</param>
                    <param name="width">view_menu_main</param>
                    <param name="subline_visible">false</param>
                    <param name="include_ribbon">Skin.String(Home.MenuStyle,Ribbon)</param>
                    <param name="include_dialog">!Skin.String(Home.MenuStyle,Ribbon)</param>
                    <param name="include_mask">!Skin.String(Home.MenuStyle,Ribbon)</param>
                </include>
            </control>
            <control type="group">
                <left>-view_menu_main</left>
                <width>view_menu_main</width>

                <include content="Hub_Menu_Fade">
                    <param name="condition">[!ControlGroup(5000).HasFocus() + !Control.HasFocus(330)
                        + !Control.HasFocus(332) + !Control.HasFocus(333)]</param>
                </include>

               

                <control type="grouplist" id="9090">
                    <top>180</top>
                    <ondown>noop</ondown>
                    <include>Search_Panel_Keyboard</include>

                    <control type="grouplist" id="5092">
                        <height>120</height>
                        <align>center</align>

                       
                        <onright>5000</onright>
                        <orientation>horizontal</orientation>

                    </control>

                </control>

                <control type="image">
                    <top>480</top>
                    <height>1</height>
                    <left>60</left>
                    <right>60</right>
                    <texture colordiffuse="$VAR[Color_DialogBorder]">common/white.png</texture>
                </control>

                <include condition="Window.IsVisible(1185)">Search_View_Selector</include>

            </control>
        </control>
    </include>

    <include name="Search_Widgets_NoResults">
        <control type="group">
            <control type="grouplist">
                <left>view_pad</left>
                <right>view_pad</right>
                <top>view_top</top>
                <bottom>view_pad</bottom>
                <orientation>vertical</orientation>
                <control type="group">
                    <height>120</height>
                    <include content="Info_Title_Text">
                        <param name="label">$VAR[Label_Search_Title_NoResults]</param>
                        <param name="wrapmultiline">false</param>
                        <param name="visible">true</param>
                        <param name="width">info_plot_w</param>
                        <param name="height">132</param>
                        <param name="colordiffuse">main_fg</param>
                    </include>
                </control>
                <control type="textbox">
                    <top>17</top>
                    <font>font_main_plot</font>
                    <label>$VAR[Label_Search_NoResults]</label>
                    <align>left</align>
                    <height>90</height>
                    <textcolor>main_fg_30</textcolor>
                </control>
            </control>
        </control>
    </include>

</includes>